{"closure_threshold": 0.2857142857142857, "precision_at_threshold": 0.5862068965517241, "recall_at_threshold": 0.4526627218934911}