{"cause_duration_map": {"accident": 6.902364905503706, "congestion": 16.056723531745554, "construction": 90.33249837146717, "debris": 55.30457502557971, "others": 55.93296313139633, "pot_holes": 104.12850166453146, "procession": 19.44990149780225, "protest": 26.966632265199056, "road_conditions": 105.84688680557996, "test_demo": 26.938693464036504, "tree_fall": 52.81737282273373, "vehicle_breakdown": 1.2311745541713432, "water_logging": 91.09097684707162}, "overall_mean_duration": 29.091357149992753, "cause_closure_map": {"accident": 0.03350713889071897, "congestion": 0.050110460666959, "construction": 0.25557977062847603, "debris": 0.10704695177316839, "fog_low_visibility": 0.07658459879186663, "others": 0.08607508924190108, "pot_holes": 0.026811003856548752, "procession": 0.2171936512101072, "protest": 0.20169460418450996, "public_event": 0.3767686620860587, "road_conditions": 0.11829632906348922, "test_demo": 0.07384943454929996, "tree_fall": 0.36915140507242844, "vehicle_breakdown": 0.04309444912972575, "vip_movement": 0.40150631483067556, "water_logging": 0.08502646825544595}}